ID,Type,Description,UOM,DefaultValue,RefSupplier,RefUrl,RefMfgr,RefMfgrPN,Notes
MN001,Materials,"Activated Carbon, Virgin Coconut, 4-8mm",lb,1,Amazon,https://www.amazon.com/gp/product/B00XIIH43W,EnviroSupply,,0.5lb to start
MN002,Materials,Thermal Glue,ea,1,Amazon,https://www.amazon.com/gp/product/B07TSH6MNT,GENNEL,,
MN003,Materials,"Zip ties, 3""",pk,1,Locally Sourced,,Generic,,Varies based on need
MN004,Materials,"Zip ties, 4""",pk,1,Locally Sourced,,Generic,,Varies based on need
MN005,Materials,"Zip ties, 6""",pk,1,Locally Sourced,,Generic,,Optional
MN100,Materials,"Polyisocyanurate Foam, 1/2"", 4'x8' sheet",ea,1,Home Depot,https://www.homedepot.com/p/RMAX-Pro-Select-R-Matte-Plus-3-1-2-in-x-4-ft-x-8-ft-R-3-2-Foam-Insulation-Board-637902/313501506,RMAX,R-Matte Plus-3,"Can substitute 3/4"" and 1"" in places for better insulation"
MN101,Materials,"Plywood sheet, 12mm thickness, 4'x5'",ea,2,Locally Sourced,,,,For paneling
MN102,Materials,"Acrylic sheet, 5mm, 4'x5'",ea,1,Locally Sourced,,,,For door windows
MN103,Materials,"Plywood sheet, 6mm thickness, 4'x5'",ea,1,Locally Sourced,,,,For front panels
MN104,Materials,"Wire loom, PET, 1/4""",cm,260,Amazon,https://www.amazon.com/gp/product/B08D3RXL7T,Generic,,Minimum quantity. More cables can be wrapped.
MN105,Materials,"Wire loom, PET, 1/2""",cm,120,Amazon,https://www.amazon.com/gp/product/B08D3RXL7T,Generic,,
MN107,Materials,"Heat shrink tubing, various sizes",pk,1,Amazon,https://www.amazon.com/gp/product/B07WWWPR2X,Generic,,"2.5mm - 4mm, mostly"
MN108,Materials,"Heat shrink tubing, 13mm",cm,45,Amazon,https://www.amazon.com/XHF-Inch-13mm-Waterproof-Insulation/dp/B07FPDBGYH,Generic,,For PET loom ends
MN110,Materials,"Hookup Wire, Silicone, 16 AWG",cm,565,Amazon,https://www.amazon.com/Electrical-Gauge-Silicone-Cable-Black/dp/B0746HRVZP,Generic,,Red and black
MN111,Materials,"Hookup Wire, Silicone, 20 AWG",cm,580,Amazon,https://www.amazon.com/gp/product/B07T4SYVYG,Generic,,"Red, black and green/yellow"
MN112,Materials,"Hookup Wire, Silicone, 24 AWG",cm,8820,Amazon,https://www.amazon.com/gp/product/B087TJNJZS/,Generic,,OR 26 awg
MN113,Materials,"Hookup Wire, Silicone, 12 AWG",cm,60,,,Generic,,OR 13 awg; red and black
MN201,Materials,JST SM Contact Pin,ea,88,Digikey,https://www.digikey.com/en/products/detail/jst-sales-america-inc/SYM-001T-P0-6-N/1465026,JST,SYM-001T-P0.6(N),
MN201,Materials,JST SM Pin Socket,ea,88,Digikey,https://www.digikey.com/en/products/detail/jst-sales-america-inc/SYF-001T-P0-6-LF-SN/2027280,JST,SYF-001T-P0.6(LF)(SN),
MN202,Materials,"JST SM Connector, 2.54mm, Male, 2 Pin",ea,12,Digikey,https://www.digikey.com/en/products/detail/jst-sales-america-inc/SMR-02V-B/764265,JST,SMR-02V-B,
MN203,Materials,"JST SM Connector, 2.54mm, Male, 3 Pin",ea,10,Digikey,https://www.digikey.com/en/products/detail/jst-sales-america-inc/SMR-03V-B/5702345,JST,SMR-03V-B,
MN204,Materials,"JST SM Connector, 2.54mm, Male, 4 Pin",ea,6,Digikey,https://www.digikey.com/en/products/detail/jst-sales-america-inc/SMR-04V-B/2137107,JST,SMR-04V-B,
MN205,Materials,"JST SM Connector, 2.54mm, Male, 5 Pin",ea,2,Digikey,https://www.digikey.com/en/products/detail/jst-sales-america-inc/smr-05v-b/3622430,JST,SMR-05V-B,
MN210,Materials,"JST SM Connector, 2.54mm, Female, 2 Pin",ea,12,Digikey,https://www.digikey.com/en/products/detail/jst-sales-america-inc/SMP-02V-BC/1835574,JST,SMP-02V-BC,
MN211,Materials,"JST SM Connector, 2.54mm, Female, 3 Pin",ea,10,Digikey,https://www.digikey.com/en/products/detail/jst-sales-america-inc/SMP-03V-BC/2514249,JST,SMP-03V-BC,
MN212,Materials,"JST SM Connector, 2.54mm, Female, 4 Pin",ea,6,Digikey,https://www.digikey.com/en/products/detail/jst-sales-america-inc/SMP-04V-BC/7230521,JST,SMP-04V-BC,
MN213,Materials,"JST SM Connector, 2.54mm, Female, 5 Pin",ea,2,MISUMI USA,https://us.misumi-ec.com/vona2/detail/222000498388/?HissuCode=SMP-05V-BC,JST,SMP-05V-BC,"Digikey doesn't carry this, for some reason"
MN220,Materials,JST XH Pin Socket,ea,55,Digikey,https://www.digikey.com/en/products/detail/jst-sales-america-inc/SXH-002T-P0-6/1651063,JST,SXH-002T-P0.6,
MN221,Materials,"JST XH Connector, 2.5mm, Female, 2 Pin",ea,6,Digikey,https://www.digikey.com/en/products/detail/jst-sales-america-inc/XHP-2/555485,JST,XHP-2,
MN222,Materials,"JST XH Connector, 2.5mm, Female, 3 Pin",ea,9,Digikey,https://www.digikey.com/en/products/detail/jst-sales-america-inc/XHP-3/1651017,JST,XHP-3,
MN223,Materials,"JST XH Connector, 2.5mm, Female, 4 Pin",ea,3,Digikey,https://www.digikey.com/en/products/detail/jst-sales-america-inc/XHP-4/683353,JST,XHP-4,
MN240,Materials,"JST PH Connector, 2.0mm, Female, 6 Pin",ea,3,Digikey,https://www.digikey.com/en/products/detail/adafruit-industries-llc/4422/11497499,JST,(D)PHR-6(L),Only needed if steppers have integrated connectors
MN241,Materials,JST PH Pin Socket,ea,12,Digikey,https://www.digikey.com/en/products/detail/adafruit-industries-llc/4422/11497499,JST,SPH-004T-P0.5S,Only needed if steppers have integrated connectors
MN242,Materials,"XT 60 Connector Set, 12 awg 150mm pigtails",pk,1,Amazon,,Generic,,
MN250,Materials,"Ring Connector, 18-24 awg",ea,3,,,Generic,,Number varies based on configuration
MN251,Materials,"Ring Connector, 14-18 awg",ea,9,,,Generic,,Number varies based on configuration
MN252,Materials,"Spade Connector, 14-18 awg",ea,5,,,Generic,,
MN253,Materials,"Butt Splice, 12-14 awg",ea,4,,,Generic,,
MN260,Materials,Micro Fit 3 Connector Pin,ea,4,Digikey,https://www.digikey.com/en/products/detail/molex/0430310009/252485,Molex,430310009,
MN261,Materials,Micro Fit 3 Connector Socket,ea,4,Digikey,https://www.digikey.com/en/products/detail/molex/0430300009/252481,Molex,430300009,
MN262,Materials,"Micro Fit 3 Connector, 2 pin, 2 Row, Male",ea,2,Digikey,https://www.digikey.com/en/products/detail/molex/0430250200/252496,Molex,430250200,
MN263,Materials,"Micro Fit 3 Connector, 2 pin, 2 Row, Panel Mount",ea,2,Digikey,https://www.digikey.com/en/products/detail/molex/0430200200/252490,Molex,430200200,
PN001,Printed,"XY Pulleys, L Bottom",ea,,,"001 - XY Pulleys, L Bottom.stl",,001,
PN002,Printed,"XY Pulleys, L Top",ea,,,"002 - XY Pulleys, L Top.stl",,002,
PN003,Printed,"XY Pulleys, R Bottom",ea,,,"003 - XY Pulleys, R Bottom.stl",,003,
PN004,Printed,"XY Pulleys, R Top",ea,,,"004 - XY Pulleys, R Top.stl",,004,
PN005,Printed,"XY Joint, L Top",ea,,,"005 - XY Joint, L Top.stl",,005,
PN006,Printed,"XY Joint, L Mid",ea,,,"006 - XY Joint, L Mid.stl",,006,
PN007,Printed,"XY Joint, L Bottom",ea,,,"007 - XY Joint, L Bottom.stl",,007,
PN008,Printed,"XY Joint, R Top",ea,,,"008 - XY Joint, R Top.stl",,008,
PN009,Printed,"XY Joint, R Mid",ea,,,"009 - XY Joint, R Mid.stl",,009,
PN010,Printed,"XY Joint, R Bottom",ea,,,"010 - XY Joint, R Bottom.stl",,010,
PN011,Printed,"XY Tensioner, Bolt Receiver",ea,,,"011 - XY Tensioner, Bolt Receiver.stl",,011,
PN012,Printed,"XY Tensioner, Idler Seat",ea,,,"012 - XY Tensioner, Idler Seat.stl",,012,
PN013,Printed,"XY Tensioner, Tensioner Cap",ea,,,"013 - XY Tensioner, Tensioner Cap.stl",,013,
PN014,Printed,"XY Tensioner, Guide Frame",ea,,,"014 - XY Tensioner, Guide Frame.stl",,014,
PN015,Printed,"XY Steppers, Vibration Damper, TPU",ea,,,"015 - XY Steppers, Vibration Damper, TPU.stl",,015,No ID tag
PN016,Printed,"XY Steppers, Stepper Mount",ea,,,"016 - XY Steppers, Stepper Mount.stl",,016,
PN017,Printed,"XY Motion, L Y Rail Guide",ea,,,"017 - XY Motion, L Y Rail Guide.stl",,017,
PN018,Printed,"XY Motion, R Y Rail Guide",ea,,,"018 - XY Motion, R Y Rail Guide.stl",,018,Also acts as limit switch mount
PN019,Printed,"Z Motion, Lower Rail Bracket",ea,,,"019 - Z Motion, Lower Rail Bracket.stl",,019,
PN020,Printed,"Z Axis, Bed Corner Bracket",ea,,,"020 - Z Axis, Bed Corner Bracket.stl",,020,
PN021,Printed,"Z Axis, L Gantry",ea,,,"021 - Z Axis, L Gantry.stl",,021,
PN022,Printed,"Z Axis, R Gantry",ea,,,"022 - Z Axis, R Gantry.stl",,022,
PN023,Printed,"Z Axis, L Stepper Mount",ea,,,"023 - Z Axis, L Stepper Mount.stl",,023,
PN024,Printed,"Z Axis, R Stepper Mount",ea,,,"024 - Z Axis, R Stepper Mount.stl",,024,
PN025,Printed,"Z Motion, L Limit Switch Mount",ea,,,"025 - Z Motion, L Limit Switch Mount.stl",,025,
PN026,Printed,"Z Motion, R Limit Switch Mount",ea,,,"026 - Z Motion, R Limit Switch Mount.stl",,026,
PN027,Printed,"Z Axis, L Lead Screw Plate",ea,,,"027 - Z Axis, L Lead Screw Plate.stl",,027,
PN028,Printed,"Z Axis, R Lead Screw Plate",ea,,,"028 - Z Axis, R Lead Screw Plate.stl",,028,
PN029,Printed,"Z Axis, Bed Wire Support",ea,,,"029 - Z Axis, Bed Wire Support.stl",,029,
PN030,Printed,"X Gantry, Carriage Mount",ea,,,"030 - X Gantry, Carriage Mount.stl",,030,
PN031,Printed,"X Gantry, Top Mount",ea,,,"031 - X Gantry, Top Mount.stl",,031,
PN032,Printed,"X Gantry, Back Mount",ea,,,"032 - X Gantry, Back Mount.stl",,032,
PN033,Printed,"X Gantry, Front Mount",ea,,,"033 - X Gantry, Front Mount.stl",,033,
PN034,Printed,"X Gantry, L Belt Clamp",ea,,,"034 - X Gantry, L Belt Clamp.stl",,034,No ID tag
PN035,Printed,"X Gantry, R Belt Clamp",ea,,,"035 - X Gantry, R Belt Clamp.stl",,035,No ID tag
PN040,Printed,"Toolhead, Hotend Mounting Bracket",ea,,,"040 - Toolhead, Hotend Mounting Bracket.stl",,040,No ID tag
PN041,Printed,"Toolhead, Hotend Locking Collar",ea,,,"041 - Toolhead, Hotend Locking Collar.stl",,041,No ID tag
PN042,Printed,"Toolhead, Cooling Fan Intake",ea,,,"042 - Toolhead, Cooling Fan Intake.stl",,042,No ID tag
PN043,Printed,"Toolhead, PTFE Collar, TPU",ea,,,"043 - Toolhead, PTFE Collar, TPU.stl",,043,No ID tag
PN044,Printed,"Toolhead, EVA Fan Duct",ea,,,"044 - Toolhead, EVA Fan Duct.stl",,044,No ID tag
PN045,Printed,"Toolhead, Part Fan Mount",ea,,,"045 - Toolhead, Part Fan Mount.stl",,045,No ID tag
PN051,Printed,"Toolhead, BLTouch Mount",ea,,,"051 - Toolhead, BLTouch Mount.stl",,051,No ID tag
PN061,Printed,"Toolhead, BMG Mount",ea,,,"061 - Toolhead, BMG Mount.stl",,061,
PN070,Printed,"Electrical, R Panel",ea,,,"070 - Electrical, R Panel.stl",,070,JST-SM connector panel
PN071,Printed,"Electrical, L Panel",ea,,,"071 - Electrical, L Panel.stl",,071,JST-SM connector panel
PN072,Printed,"Electrical, R Panel Back Plate",ea,,,"072 - Electrical, R Panel Back Plate.stl",,072,
PN073,Printed,"Electrical, L Panel Back Plate",ea,,,"073 - Electrical, L Panel Back Plate.stl",,073,
PN076,Printed,"Electrical, L Octopus Board Mount",ea,,,"076 - Electrical, L Octopus Board Mount.stl",,076,
PN077,Printed,"Electrical, R Octopus Board Mount",ea,,,"077 - Electrical, R Octopus Board Mount.stl",,077,
PN082,Printed,"Lighting, LED Guide, 12mm",ea,,,"082 - Lighting, LED Guide, 12mm.stl",,082,60 LEDs/m
PN083,Printed,"Electrical, L RPi Board Mount",ea,,,"083 - Electrical, L RPi Board Mount.stl",,083,
PN084,Printed,"Electrical, R RPi Board Mount",ea,,,"084 - Electrical, R RPi Board Mount.stl",,084,
PN085,Printed,"Electrical, Buck Mount, DROK 5A",ea,,,"085 - Electrical, Buck Mount, DROK 5A.stl",,085,
PN086,Printed,"Electrical, PSU Mount",ea,,,"086 - Electrical, PSU Mount.stl",,086,
PN087,Printed,"Electrical, Camera Mount",ea,,,"087 - Electrical, Camera Mount.stl",,087,No ID tag
PN088,Printed,"Electrical, Camera Stand",ea,,,"088 - Electrical, Camera Stand.stl",,088,
PN090,Printed,"Misc, Corner Bracket Cover",ea,,,"090 - Misc, Corner Bracket Cover.stl",,090,Count not final
PN091,Printed,"Misc, Limit Switch Cap",ea,,,"091 - Misc, Limit Switch Cap.stl",,091,No ID tag
PN092,Printed,"Misc, Printer Base Foot, TPU",ea,,,"092 - Misc, Printer Base Foot, TPU.stl",,092,No ID tag
PN093,Printed,"XY Motion, X Limit Switch Mount",ea,,,"093 - XY Motion, X Limit Switch Mount.stl",,093,
PN094,Printed,"Misc, X Gantry Service Bar",ea,,,"094 - Misc, X Gantry Service Bar.stl",,094,No ID tag
PN095,Printed,"Frame, Bearing Alignment Slider, TPU",ea,,,"095 - Frame, Bearing Alignment Slider, TPU.stl",,095,
PN096,Printed,"Misc, T Slot Wire Anchor",ea,,,"096 - Misc, T Slot Wire Anchor.stl",,096,
PN098,Printed,"Misc, PTFE Tube Coupler",ea,,,"098 - Misc, PTFE Tube Coupler.stl",,098,
PN099,Printed,"XY Motion, Y Axis Front Rail Guide",ea,,,"099 - XY Motion, Y Axis Front Rail Guide.stl",,099,
PN100,Printed,"Misc, Rear PTFE Tube Guide",ea,,,"100 - Misc, Rear PTFE Tube Guide.stl",,100,
PN102,Printed,"Skirt, 80mm Fan Mount",ea,,,"102 - Skirt, 80mm Fan Mount.stl",,102,
PN103,Printed,"Skirt, 80mm Fan Exterior Grill",ea,,,"103 - Skirt, 80mm Fan Exterior Grill.stl",,103,
PN104,Printed,"Skirt, L Front End",ea,,,"104 - Skirt, L Front End.stl",,104,"HDMI, USB, Ethernet plugs"
PN105,Printed,"Skirt, R Front End",ea,,,"105 - Skirt, R Front End.stl",,105,Power switch
PN106,Printed,"Skirt, L Rear End",ea,,,"106 - Skirt, L Rear End.stl",,106,A stepper plug
PN107,Printed,"Skirt, R Rear End",ea,,,"107 - Skirt, R Rear End.stl",,107,"IEC (power), B stepper plugs"
PN108,Printed,"Skirt, Hexagon Grill",ea,,,"108 - Skirt, Hexagon Grill.stl",,108,
PN110,Printed,"Skirt, SD Card Reader Mount",ea,,,"110 - Skirt, SD Card Reader Mount.stl",,110,
PN111,Printed,"Skirt, 80mm Fan Finger Guard",ea,,,"111 - Skirt, 80mm Fan Finger Guard.stl",,111,
PN112,Printed,"Skirt, Display Mount",ea,,,"112 - Skirt, Display Mount.stl",,112,
PN113,Printed,"Skirt, Display Slot",ea,,,"113 - Skirt, Display Slot.stl",,113,
PN120,Printed,"Frame, PTFE Coupler",ea,,,"120 - Frame, PTFE Coupler.stl",,120,
PN121,Printed,"Frame, Exhaust Coupler",ea,,,"121 - Frame, Exhaust Coupler.stl",,121,
PN122,Printed,"Frame, PTFE Coupling Guide, TPU",ea,,,"122 - Frame, PTFE Coupling Guide, TPU.stl",,122,
PN123,Printed,"Z Axis, L Z Slider Mount",ea,,,"123 - Z Axis, L Z Slider Mount.stl",,123,
PN124,Printed,"Z Axis, R Z Slider Mount",ea,,,"124 - Z Axis, R Z Slider Mount.stl",,124,
PN125,Printed,"Frame, Pull Handle",ea,,,"125 - Frame, Pull Handle.stl",,125,
PN126,Printed,"Frame, Pull Handle, T Slot",ea,,,"126 - Frame, Pull Handle, T Slot.stl",,126,V Slot Door Handle
PN127,Printed,"Frame, Wire Conduit, Top, TPU",ea,,,"127 - Frame, Wire Conduit, Top, TPU.stl",,127,
PN128,Printed,"Frame, Wire Conduit, Bottom, TPU",ea,,,"128 - Frame, Wire Conduit, Bottom, TPU.stl",,128,
PN200,Printed,"Filtration, Exhaust Adapter, TPU",ea,,,"200 - Filtration, Exhaust Adapter, TPU.stl",,200,TPU/PETG
PN201,Printed,"Filtration, Fan Intake Gasket, TPU",ea,,,"201 - Filtration, Fan Intake Gasket, TPU.stl",,201,TPU/PETG
PN202,Printed,"Filtration, Fan Intake Duct",ea,,,"202 - Filtration, Fan Intake Duct.stl",,202,PETG/ABS
PN203,Printed,"Filtration, HEPA Filter Sleeve",ea,,,"203 - Filtration, HEPA Filter Sleeve.stl",,203,PETG/ABS
PN204,Printed,"Filtration, HEPA Intake Duct",ea,,,"204 - Filtration, HEPA Intake Duct.stl",,204,PETG/ABS
PN205,Printed,"Filtration, HEPA Latch, TPU",ea,,,"205 - Filtration, HEPA Latch, TPU.stl",,205,TPU/PETG
PN206,Printed,"Filtration, AC Tank Gasket, TPU",ea,,,"206 - Filtration, AC Tank Gasket, TPU.stl",,206,TPU/PETG
PN207,Printed,"Filtration, Base Stand",ea,,,"207 - Filtration, Base Stand.stl",,207,PETG/ABS
PN210,Printed,"Filtration, AC Tank Lid",ea,,,"210 - Filtration, AC Tank Lid.stl",,210,PETG/ABS
PN211,Printed,"Filtration, AC Tank Filter Ring",ea,,,"211 - Filtration, AC Tank Filter Ring.stl",,211,PETG/ABS
PN212,Printed,"Filtration, AC Tank, 50mm",ea,,,"212 - Filtration, AC Tank, 50mm.stl",,212,PETG/ABS
PN400,Toolhead,E3D V6 Hotend (Direct Drive),ea,,Amazon,https://www.amazon.com/Genuine-E3D-All-Metal-Universal-V6-175-MO/dp/B074DHD751,E3D,V6-175-MO,Or compatible clone; GCR uses incompatible thermistor
PN450,Toolhead,Bondtech BMG Extruder,ea,,Amazon,https://www.amazon.com/Genuine-Bondtech-BMG-Extruder-EXT-BMG/dp/B07DGL43SQ,Bondtech,EXT-BMG,Or compatible clone
PN451,Toolhead,Bondtech BMG-M Extruder,ea,,Amazon,https://www.amazon.com/Genuine-Bondtech-Extruder-Lefthand-EXT-BMG-LH/dp/B07DGL4GQN,Bondtech,EXT-BMG-LH,Or compatible clone
PN485,Toolhead,BLTouch V3.1,ea,,Amazon,https://www.amazon.com/ANTCLABS-BLTouch-Leveling-Premium-Extension/dp/B076PQG1FF,ANTCLABS,,Or compatible clone
PN500,Fastener,"Screw, M3-0.5 x 6mm SHCS",ea,,Amazon,https://www.amazon.com/10-M3-0-50-6mm-Stainless-MonsterBolts/dp/B078LBVG2C,MonsterBolts,"	SHCS - Stain M3.6.10",
PN501,Fastener,"Screw, M3-0.5 x 8mm SHCS",ea,,Amazon,https://www.amazon.com/10-M3-0-50-6mm-Stainless-MonsterBolts/dp/B078L47SCG,MonsterBolts,SHCS - Stain M3.8.10,
PN502,Fastener,"Screw, M3-0.5 x 12mm SHCS",ea,,Amazon,https://www.amazon.com/10-M3-0-50-6mm-Stainless-MonsterBolts/dp/B078KZRT8L,MonsterBolts,"	SHCS - Stain M3.12.10",
PN503,Fastener,"Screw, M3-0.5 x 16mm SHCS",ea,,Amazon,https://www.amazon.com/10-M3-0-50-6mm-Stainless-MonsterBolts/dp/B078LCYXPL,MonsterBolts,SHCS - Stain M3.16.10,
PN504,Fastener,"Screw, M3-0.5 x 20mm, SHCS",ea,,Amazon,https://www.amazon.com/10-M3-0-50-6mm-Stainless-MonsterBolts/dp/B078L48BMP,MonsterBolts,SHCS - Stain M3.20.10,
PN505,Fastener,"Screw, M3-0.5 x 25mm SHCS",ea,,Amazon,https://www.amazon.com/10-M3-0-50-6mm-Stainless-MonsterBolts/dp/B08BBVKXWC,MonsterBolts,SHCS - Stain M3.25.10,Long M3 screws can usually be found in multi-size packs on Amazon (25-45mm)
PN506,Fastener,"Screw, M3-0.5 x 30mm SHCS",ea,,Amazon,https://www.amazon.com/10-M3-0-50-6mm-Stainless-MonsterBolts/dp/B078KZXP5P,MonsterBolts,"	SHCS - Stain M3.30.10",Long M3 screws can usually be found in multi-size packs on Amazon (25-45mm)
PN507,Fastener,"Screw, M3-0.5 x 35mm SCHS",ea,,Amazon,https://www.amazon.com/gp/product/B078L42CXS/,MonsterBolts,SHCS - Stain M3.35.20,Long M3 screws can usually be found in multi-size packs on Amazon (25-45mm)
PN508,Fastener,"Screw, M3-0.5 x 40mm SHCS",ea,,Amazon,https://www.amazon.com/10-M3-0-50-6mm-Stainless-MonsterBolts/dp/B07JHB1G85,MonsterBolts,SHCS - Stain M3.40.10,Long M3 screws can usually be found in multi-size packs on Amazon (25-45mm)
PN509,Fastener,"Screw, M3-0.5 x 45mm SHCS",ea,,MISUMI,https://us.misumi-ec.com/vona2/detail/221000551310/?ProductCode=CSHZ-SUS-M3-45,Sunco,CSHZ-SUS-M3-45,Long M3 screws can usually be found in multi-size packs on Amazon (25-45mm)
PN530,Fastener,"Screw, M5-0.8 x 8mm BHCS",ea,,Amazon,https://www.amazon.com/M5-0-80-Stainless-Button-Socket-Screws/dp/B077WLXQWG,MonsterBolts,SHCS - Stain M5.8.10,
PN532,Fastener,"Screw, M5-0.8 x 12mm BHCS",ea,,Amazon,https://www.amazon.com/M5-0-80-Stainless-Button-Socket-Screws/dp/B078CQLGKX,MonsterBolts,SHCS - Stain M5.12.10,200pc: https://www.amazon.com/M5-0-8-Button-Available-Stainless-Machine/dp/B07VRZYMP6
PN533,Fastener,"Screw, M5-0.8 x 16mm BHCS",ea,,Amazon,https://www.amazon.com/M5-0-80-Stainless-Button-Socket-Screws/dp/B077WLQ1LZ,MonsterBolts,SHCS - Stain M5.16.10,
PN534,Fastener,"Screw, M5-0.8 x 25mm BHCS",ea,,Amazon,https://www.amazon.com/M5-0-80-Stainless-Button-Socket-Screws/dp/B077WCYJB9,MonsterBolts,SHCS - Stain M5.25.10,
PN535,Fastener,"Screw, M5-0.8 x 60mm BHCS",ea,,Amazon,https://www.amazon.com/M5-0-8-Socket-Button-Stainless-Machine/dp/B08HLVRRRT,Generic,,"May be hard to find in BH, SHCS also works."
PN536,Fastener,"Screw, M5-0.8 x 20mm BHCS",ea,,,,,,
PN537,Fastener,"Screw, M5-0.8 x 50mm BHCS",ea,,,,,,"May be hard to find in BH, SHCS also works."
PN550,Fastener,"Screw, M4-0.7 x 35mm FHCS",ea,,Amazon,https://www.amazon.com/gp/product/B07SDFX766,Befenybay,BE022-fba,Included with bed leveling nuts
PN551,Fastener,"Set Screw, M4-0.7 x 4mm",ea,,Amazon,https://www.amazon.com/gp/product/B07PK8ZJTV,KOOTANS,,Included with hidden corner brackets
PN552,Fastener,"Screw, M4-0.7 x 16mm SHCS",ea,,Amazon,https://www.amazon.com/gp/product/B07RMZCLZ3,Befenybay,,Included with spider couplers
PN553,Fastener,"Screw, M5-0.8 x 16mm SHCS",ea,,Amazon,https://www.amazon.com/20-M5-0-80-35mm-Stainless-MonsterBolts/dp/B078L3YNS3,MonsterBolts,‎SHCS - Stain M5x16.10,Door corners only. MISUMI corners ships with screws.
PN554,Fastener,"Screw, Wood, #6 x 5/8""",ea,,Home Depot,https://www.homedepot.com/p/6-x-5-8-in-Phillips-Flat-Head-Zinc-Plated-Wood-Screw-12-Pack-807011/204275569,Everbilt,,Metric: 3mm x 16mm
PN555,Fastener,"Screw, M5-0.8 x 14mm FHCS",ea,,Amazon,https://www.amazon.com/Countersunk-Socket-Screws-20-piece-Stainless/dp/B07CNTZMNV,Generic,,M5-0.8 x 15mm will also work. 16mm is too long.
PN556,Fastener,"Set Screw, M4-0.7 x 4mm",ea,,,,Generic,,Included with 8mm Lock Collars
PN557,Fastener,"Screw, M4-0.7 x 8mm BHCS",ea,,,https://www.amazon.com/10-M4-0-70-12mm-Stainless-MonsterBolts/dp/B078YDH3LY,Generic,,For PSU only
PN558,Fastener,"Screw, #8 x 3/4"", Truss Head, Sharp Point",ea,,Home Depot,https://www.homedepot.com/p/Everbilt-8-x-3-4-in-Phillips-Drive-Truss-Head-Lath-Sharp-Point-Screw-1-lb-Box-215-Pack-116102/205142852,Generic,,Metric: M4 x 20mm
PN570,Fastener,"Hex Nut, M3",ea,,Amazon,https://www.amazon.com/dp/B087R22HM2,Generic,,
PN571,Fastener,"Hex Nut, M4",ea,,Amazon,https://www.amazon.com/dp/B087R22HM2,Generic,,
PN572,Fastener,"Hex Nut, M5",ea,,Amazon,https://www.amazon.com/dp/B087R22HM2,Generic,,
PN573,Fastener,"Tee Nut, 6mm Slot, M3, Drop In",ea,,Amazon,https://www.amazon.com/IEUYO-Fastener-Aluminum-Profile-Accessories/dp/B07NZKK1PM,Generic,,
PN574,Fastener,"Tee Nut, 6mm Slot, M5, Drop In",ea,,Amazon,https://www.amazon.com/IEUYO-Fastener-Aluminum-Profile-Accessories/dp/B07NZKK1PM,Generic,,
PN575,Fastener,"Tee Nut, 6mm Slot, M5, Roll In",ea,,Amazon,https://www.amazon.com/100-Pack-Aluminum-Extrusions-Profile-Accessories/dp/B07VHNGBWJ,Generic,,
PN576,Fastener,"Tee Nut, 6mm Slot, M3, Slide In",ea,,Amazon,https://www.amazon.com/Boeray-Sliding-Aluminum-Extrusion-Profile/dp/B01GCDG2QE,Generic,,
PN577,Fastener,"Washer, M5, Split Lock",ea,,Amazon,https://www.amazon.com/gp/product/B07Z2FFPCJ,Generic,,
PN578,Fastener,"Washer, M5x10mm",ea,,Amazon,https://www.amazon.com/Steel-Washer-Plated-Finish-Metric/dp/B009OK4TZO,Generic,,
PN579,Fastener,"Thumb Nut, M3",ea,,Amazon,https://www.amazon.com/PZRT-Nickel-Plated-Knurled-Eco-Friendly-Printers/dp/B07P627SJN,Generic,,7mm thickness is preferable
PN580,Fastener,"Coupler, 5mm to 8mm, Rigid",ea,,Amazon,https://www.amazon.com/uxcell-Coupling-L25xD14-Coupler-Connector/dp/B07P6X8RWL,Generic,,A/B steppers
PN581,Fastener,"Coupler, 5mm to 8mm, Spider",ea,,Amazon,https://www.amazon.com/gp/product/B07RMZCLZ3,Befenybay,,Z steppers
PN582,Fastener,"Lock Collar, 8mm",ea,,Amazon,https://www.amazon.com/Befenybay-Collar-Shaft-Screw-Printer/dp/B07V41FRZS,Befenybay,,
PN595,Fastener,"Heat Set Insert, M3x5.7mm",ea,,Amazon,https://www.amazon.com/iplusmile-Embedment-Threaded-Printing-Projects/dp/B087NBYF65,iplusmile,,
PN596,Fastener,"Heat Set Insert, M5x8.1mm",ea,,Amazon,https://www.amazon.com/Hilitchi-Threaded-Embedment-Printing-Projects/dp/B08Z89Q6F7,Hilitchi,,
PN600,Transmission,"Bearing, F688ZZ",ea,,Amazon,https://www.amazon.com/uxcell-Bearing-8x16x5mm-Shielded-Bearings/dp/B07Z3F68H4,uxcell,a19091100ux0628,
PN601,Transmission,"Bearing, F695-2RS",ea,,Amazon,https://www.amazon.com/uxcell-F695-2RS-Bearing-5x13x4mm-Bearings/dp/B085D91TW1,uxcell,a19112500ux0072,
PN602,Transmission,"Bearing, Thrust, F8-16M",ea,,Amazon,https://www.amazon.com/gp/product/B07PMRH7NJ,uxcell,a18121800ux0506,
PN610,Transmission,"Idler Pulley, 2GT-2 20T, 5mm Bore",ea,,Amazon,https://www.amazon.com/gp/product/B07BPGYX3G,WINSINN,6MHL20B5T,
PN611,Transmission,"Pulley, 2GT-2, 30T, 8mm Bore",ea,,Amazon,https://www.amazon.com/gp/product/B07K69SMV2,Generic,,
PN612,Transmission,"Belt, 2GT-2, 6mm, Fiberglass Core",cm,400,Amazon,https://www.amazon.com/Timing-Printer-FYSETC-Fiberglass-Reinforced/dp/B07BRKZGMS,FYSETC,US-5M Open Belt,
PN620,Transmission,"Dowel Pin, 5mm OD, 25mm",ea,,Amazon,https://www.amazon.com/gp/product/B07MHGHH84,uxcell,‎A18111400ux0060,
PN621,Transmission,"Linear Rod, 8mm OD, 250mm",ea,,Amazon,https://www.amazon.com/gp/product/B07JL1WK8B,ReliaBot,IT-RD048,
PN631,Transmission,"Linear Rail, MGN12, 400mm",ea,,Amazon,https://www.amazon.com/gp/product/B08G1M4SX8,UniTak3D,UniT091,
PN632,Transmission,"Linear Rail Carriage, MGN12H",ea,,Amazon,https://www.amazon.com/gp/product/B08G1M4SX8,UniTak3D,UniT091,
PN642,Transmission,"Lead Screw, Tr8x4, 500mm",ea,,Amazon,https://www.amazon.com/gp/product/B085FYDWYG,ReliaBot,EU-RZ007-37,
PN643,Transmission,"Lead Screw Nut, Tr8x4, Anti-Backlash",ea,,Amazon,https://www.amazon.com/gp/product/B08DJ76YXG,ReliaBot,"	RZ035-2anti-M3",
PN700,Framing,"Corner Bracket, Tapped",ea,,MISUMI USA,https://us.misumi-ec.com/vona2/detail/110302060920/?ProductCode=HBKTS5-C,MISUMI,HBKTS5-C,
PN701,Framing,"Corner Bracket, Inside Hidden",ea,,Amazon,https://www.amazon.com/dp/B07PK8ZJTV,KOOTANS,,
PN702,Framing,"Corner Bracket, Super Thick, Tapped",ea,,MISUMI USA,https://us.misumi-ec.com/vona2/detail/110302060830/?ProductCode=HBKUS5-C,MISUMI,HBKUS5-C,
PN710,Framing,"Corner Bracket, Door Frame",ea,,MISUMI USA,https://us.misumi-ec.com/vona2/detail/110302375310/?ProductCode=HBLTC5,MISUMI,HBLTC5,
PN711,Framing,2020 Extrusion Hinge,ea,,MISUMI USA,https://us.misumi-ec.com/vona2/detail/110302362010/?ProductCode=HHPSN5,MISUMI,HHPSN5,
PN713,Framing,"2020 Door Panel Gasket, 564mm",ea,,MISUMI USA,https://us.misumi-ec.com/vona2/detail/110302375310/?ProductCode=HFSSK5-2000,MISUMI,HFSSK5-2000,Must be cut to size
PN714,Framing,"2020 Door Panel Gasket, 646mm",ea,,MISUMI USA,https://us.misumi-ec.com/vona2/detail/110302375310/?ProductCode=HFSSK5-2000,MISUMI,HFSSK5-2000,Must be cut to size
PN715,Framing,"Piano Hinge, 24"" x 1.25""",ea,,Amazon,https://www.amazon.com/gp/product/B00GI1CWHO,Generic,,"2"" hole spacing"
PN725,Framing,"2020 Extrusion, 440mm, Milled",ea,,MISUMI USA,https://us.misumi-ec.com/vona2/detail/110302685660/?ProductCode=HFSP5-2020-440,MISUMI,HFSP5-2020-440,X axis rail
PN726,Framing,"2020 Extrusion, 540mm, Milled",ea,,MISUMI USA,https://us.misumi-ec.com/vona2/detail/110302685660/?ProductCode=HFSP5-2020-540,MISUMI,HFSP5-2020-540,Y axis rails
PN727,Framing,"2020 Extrusion, 620mm",ea,,MISUMI USA,https://us.misumi-ec.com/vona2/detail/110302683830/?ProductCode=HFS5-2020-620,MISUMI,HFS5-2020-620,"Y axis crossbar, external top side bar"
PN728,Framing,"2020 Extrusion, 500mm",ea,,MISUMI USA,https://us.misumi-ec.com/vona2/detail/110302683830/?ProductCode=HFS5-2020-500,MISUMI,HFS5-2020-500,Z axis crossbar (X axis)
PN729,Framing,"2020 Extrusion, 510mm",ea,,MISUMI USA,https://us.misumi-ec.com/vona2/detail/110302683830/?ProductCode=HFS5-2020-510,MISUMI,HFS5-2020-510,Z axis rails
PN730,Framing,"2020 Extrusion, 540mm",ea,,MISUMI USA,https://us.misumi-ec.com/vona2/detail/110302683830/?ProductCode=HFS5-2020-540,MISUMI,HFS5-2020-540,Z axis crossbar (Y axis)
PN732,Framing,"2020 Extrusion, 220mm",ea,,MISUMI USA,https://us.misumi-ec.com/vona2/detail/110302683830/?ProductCode=HFS5-2020-220,MISUMI,HFS5-2020-220,Bed frame
PN733,Framing,"2020 Extrusion, 350mm",ea,,MISUMI USA,https://us.misumi-ec.com/vona2/detail/110302683830/?ProductCode=HFS5-2020-350,MISUMI,HFS5-2020-350,Bed frame
PN740,Framing,"2040 Extrusion, 800mm",ea,,MISUMI USA,https://us.misumi-ec.com/vona2/detail/110302684350/?ProductCode=HFS5-2040-800,MISUMI,HFS5-2040-800,External vertical frame
PN741,Framing,"2040 Extrusion, 620mm",ea,,MISUMI USA,https://us.misumi-ec.com/vona2/detail/110302684350/?ProductCode=HFS5-2040-620,MISUMI,HFS5-2040-620,"Lower frame crossbar, all sides"
PN742,Framing,"2040 Extrusion, 540mm",ea,,MISUMI USA,https://us.misumi-ec.com/vona2/detail/110302684350/?ProductCode=HFS5-2040-540,MISUMI,HFS5-2040-540,Side interior crossbars
PN750,Framing,"404020 Extrusion, 620mm",ea,,MISUMI USA,https://us.misumi-ec.com/vona2/detail/110302685320/?ProductCode=HFS5-404020-620,MISUMI,HFS5-404020-620,"External top bar, front and rear"
PN751,Framing,"2020 Door Extrusion, 564mm",ea,,MISUMI USA,https://us.misumi-ec.com/vona2/detail/110302375310/?ProductCode=HFTF5-2020-564-TPW,MISUMI,HFTF5-2020-564-TPW,Horizontal door frame
PN752,Framing,"2020 Door Extrusion, 646mm",ea,,MISUMI USA,https://us.misumi-ec.com/vona2/detail/110302375310/?ProductCode=HFTF5-2020-646-TPW,MISUMI,HFTF5-2020-646-TPW,Vertical door frame
PN760,Framing,"Acrylic Sheet, 577x659x5mm",ea,,Locally Sourced,,Locally Sourced,,Inner door window
PN761,Framing,"Acrylic Sheet, 613x694x5mm",ea,,Locally Sourced,,Locally Sourced,,Outer door window
PN769,Framing,"Wood Panel, Outside Rear",ea,,Locally Sourced,,Locally Sourced,,
PN770,Framing,"Wood Panel, Outside Right",ea,,Locally Sourced,,Locally Sourced,,
PN771,Framing,"Wood Panel, Outside Left",ea,,Locally Sourced,,Locally Sourced,,
PN772,Framing,"Wood Panel, Outside Top",ea,,Locally Sourced,,Locally Sourced,,
PN773,Framing,"Wood Panel, Top Hatch",ea,,Locally Sourced,,Locally Sourced,,
PN774,Framing,"Wood Panel, Floor Access, Rear",ea,,Locally Sourced,,Locally Sourced,,
PN775,Framing,"Wood Panel, Floor Access, Front",ea,,Locally Sourced,,Locally Sourced,,
PN776,Framing,"Wood Panel, Floor Cover, Front Left",ea,,Locally Sourced,,Locally Sourced,,
PN777,Framing,"Wood Panel, Floor Cover, Front Right",ea,,Locally Sourced,,Locally Sourced,,
PN778,Framing,"Wood Panel, Front Left",ea,,Locally Sourced,,Locally Sourced,,
PN779,Framing,"Wood Panel, Front Right",ea,,Locally Sourced,,Locally Sourced,,
PN780,Framing,"Wood Panel, Front Center",ea,,Locally Sourced,,Locally Sourced,,
PN782,Framing,"Wood Strip, Hinge Anchor",ea,,Locally Sourced,,Locally Sourced,,"1/2"" or 12mm will do."
PN785,Framing,"PIR Foam, 1/2"", Rear Panel",ea,,,,,,"3/4"" will also work"
PN786,Framing,"PIR Foam, 1/2"", Left Side with Cutout",ea,,,,,,"3/4"" will also work"
PN787,Framing,"PIR Foam, 1/2"", Right Side with Cutout",ea,,,,,,"3/4"" will also work"
PN788,Framing,"PIR Foam, 1/2"", Top Hatch",ea,,,,,,"Up to 1"" will work"
PN789,Framing,"PIR Foam, 1/2"", Top Outer",ea,,,,,,"Up to 1"" will work"
PN790,Framing,"PIR Foam, 1/2"", Floor Access Panel, Rear",ea,,,,,,"Up to 1"" will work"
PN791,Framing,"PIR Foam, 1/2"", Floor Access Panel, Front",ea,,,,,,"Up to 1"" will work with some adjustments"
PN792,Framing,"PIR Foam, 1/2"", Side Floor Cover, Rear",ea,,,,,,"Up to 1"" will work"
PN793,Framing,"PIR Foam, 1/2"", Side Floor Cover, Front",ea,,,,,,"Up to 1"" will work"
PN794,Framing,"PIR Foam, 1/2"", Generic Side",ea,,,,,,"3/8"" thickness, at least 1/2"" width."
PN795,Framing,"Wood Panel, Floor Cover, Left Rear",ea,,Locally Sourced,,Locally Sourced,,
PN796,Framing,"Wood Panel, Floor Cover, Right Rear",ea,,Locally Sourced,,Locally Sourced,,
PN797,Framing,"Foam Weatherstrip, 3/4"" x 3/8"", 580mm",ea,,Home Depot,https://www.homedepot.com/p/M-D-Building-Products-3-8-in-x-10-ft-Black-Sponge-Rubber-Foam-Weatherstrip-Tape-06635/100353487,Generic,,
PN800,Misc,"Vibration Damper, NEMA 17",ea,,Amazon,https://www.amazon.com/BIGTREETECH-Direct-Vibration-Creality-Printers/dp/B083JTC6JJ,BIGTREETECH,,
PN801,Misc,"Heatsink, 42x42x12mm",ea,,Amazon,https://www.amazon.com/BIGTREETECH-Direct-Vibration-Creality-Printers/dp/B083JTC6JJ,BIGTREETECH,,Z heatsinks optional
PN802,Misc,"Heatsink, 14x14x6mm",ea,,Amazon,,Generic,,"For RPi, optional"
PN810,Misc,Bed Spring,ea,,Amazon,https://www.amazon.com/gp/product/B07SDFX766,Befenybay,BE022-fba,Creality clone
PN811,Misc,"Bed Leveling Nut, 60mm",ea,,Amazon,https://www.amazon.com/gp/product/B07SDFX766,Befenybay,BE022-fba,Creality clone
PN812,Misc,"Heated Bed, 310x310mm",ea,,Amazon,https://www.amazon.com/Creality-CR-10S-Aluminum-Heated-Replacement/dp/B07TVMGFRZ,Creality,ZT931264ZTHL272,Creality CR-10 Stock
PN813,Misc,Idler Pulley Plate,ea,,OpenBuilds,https://openbuildspartstore.com/idler-pulley-plate/,OpenBuilds,570,Or clone
PN814,Misc,"Build Plate, Spring Steel, 310x310mm",ea,,Amazon,https://www.amazon.com/gp/product/B07SH1S2C1,Fulament,301652346813,
PN815,Misc,"PTFE Tube, 4mm OD, 2mm ID",cm,170,Amazon,https://www.amazon.com/Teflon-tubing-Filament-Printer-Tech/dp/B073RDFTDV,Generic,,
PN816,Misc,"French Press Filter, 4"" (8 Cup)",ea,,Amazon,https://www.amazon.com/gp/product/B08R8NQZG2,Generic,,
PN818,Misc,"Silicone Tubing, 5/8"" ID",cm,100,Amazon,https://www.amazon.com/gp/product/B08S3CXSRH,Generic,,"Quality varies, but 3/4"" OD often comes out as 20mm"
PN819,Misc,"HEPA Cartridge, 72x20mm",ea,,Amazon,https://www.amazon.com/gp/product/B07H7QWB2M,Generic,,Vacuum filters for Kenmore EF-2
PN820,Misc,"Fan Grill Guard, 80mm",ea,,Amazon,https://www.amazon.com/gp/product/B01H0P4HWE,Generic,,
PN821,Misc,"Coupler, Pneumatic, PC4-M10",ea,,Amazon,https://www.amazon.com/AiTrip-PC4-M10-Straight-Fitting-Extruder/dp/B07ZCNB1L8,Generic,,Often found included with PTFE tube kits
PN822,Misc,"Bed Leveling Column, Silicone",ea,,Amazon,https://www.amazon.com/gp/product/B08FJ6ZVH8,Generic,,(Optional) Replaces PN 810
PN823,Misc,"Micro SD Card, Class A1",ea,,Amazon,https://www.amazon.com/SanDisk-Extreme-microSDHC-UHS-3-SDSQXAF-032G-GN6MA,SanDisk,SDSQXAF-032G-GN6MA,"Class A1, 32GB"
PN824,Misc,SD Card,ea,,Amazon,https://www.amazon.com/Verbatim-Premium-Memory-UHS-I-Class/dp/B000RLBWJK,Generic,,Any size works; solely for flashing MCU.
PN900,Electrical,"Stepper, NEMA 17, 48mm, 0.9 Degree, 2A",ea,,stepperonline.com,https://www.omc-stepperonline.com/nema-17-bipolar-0-9deg-46ncm-65-1oz-in-2a-2-9v-42x42x48mm-4-wires.html,STEPPERONLINE,17HM19-2004S,A/B
PN901,Electrical,"Stepper, NEMA 17, 39mm, 1.8 Degree, 1.5A",ea,,stepperonline.com,https://www.omc-stepperonline.com/nema-17-bipolar-45ncm-6374ozin-15a-42x42x39mm-4-wires-w--1m-pin-connector.html,STEPPERONLINE,17HS15-1504S-X1,Z1 & Z2
PN902,Electrical,"Stepper, NEMA 17, 25mm, 1.8 Degree, 0.7A",ea,,stepperonline.com,https://www.omc-stepperonline.com/nema-17-bipolar-1-8deg-13ncm-18-4oz-in-0-7a-2-9v-42x42x25mm-4-wires.html,STEPPERONLINE,17HS10-0704S,Extruder
PN910,Electrical,Limit Switch,ea,,Amazon,https://www.amazon.com/Creality-3D-Printer-Separate-Package/dp/B09NLVDK1J/,Creality,AMUS-LD-3D-AC-Limit switch,Usually 3pcs. Generic in 4pc and 5pc for less.
PN911,Electrical,"Switch, Panel Mount, >5A VAC",ea,,Digikey,https://www.digikey.com/en/products/detail/nkk-switches/S1F/1006965,NKK Switches,S1F,"12-12.5mm circular cutout, either SPST or DPST"
PN912,Electrical,"Power Supply, 24V, 450W",ea,,Digikey,https://www.digikey.com/en/products/detail/mean-well-usa-inc/SE-450-24/7706608,Meanwell,SE-450-24,
PN913,Electrical,"Fuse, 5x20mm, Glass, Fast Blow, 5A",ea,,Digikey,https://www.digikey.com/en/products/detail/bel-fuse-inc/5ET-5-R/1009940,Bel Fuse,5ET 5-R,
PN950,Electrical,"Fan, Axial, 40mm x 20mm, 12V",ea,,Amazon,https://www.amazon.com/Coolerguys-40x40x20-CG4020L12S-Devices-Printers/dp/B07V4GGPW3,Coolerguys,CG4020L12S,
PN951,Electrical,"Fan, Radial, 50mm x 15mm, 12V",ea,,Amazon,https://www.amazon.com/gp/product/B08R9JW1DF,Generic,,
PN952,Electrical,"Fan, Axial, 80mm x 25mm, 12V",ea,,Amazon,https://www.amazon.com/gp/product/B00IOIJ4AC,be quiet!,BL044,
PN953,Electrical,"Fan, Radial, 75mm x 30mm, 24V",ea,,Amazon,https://www.amazon.com/gp/product/B08NCMY3H5,Wathai,,Some variation between mfgrs in dimensions
PN960,Electrical,"Panel Mount Extension, USB Type A",ea,,Amazon,https://www.amazon.com/gp/product/B07C87FYLY,Generic,,
PN961,Electrical,"Panel Mount Extension, RJ-45",ea,,Amazon,https://www.amazon.com/gp/product/B00S5WJ5RO,Generic,,
PN962,Electrical,"Panel Mount Extension, HDMI",ea,,Amazon,https://www.amazon.com/gp/product/B07WJGPQSW,Generic,,"HDMI terminated on RPi 3B+, mini-HDMI on RPi4"
PN963,Electrical,Micro SD to SD Extension,ea,,Amazon,https://www.amazon.com/gp/product/B01D9JIUU0,LANMU,COMINHKPR105510,Removed from plastic housing
PN964,Electrical,IEC C14 Socket with Fuse Holder,ea,,MISUMI USA,https://us.misumi-ec.com/vona2/detail/110400258530,MISUMI,WTN-1171R1-1 ,Needs a 5 amp fuse; 10amp is way too high.
PN965,Electrical,Micro HDMI to HDMI Adapter,ea,,Amazon,https://www.amazon.com/gp/product/B07RZX9MCS,Generic,,Not needed with RPi 3B+
PN966,Electrical,"IEC C13 Cable, 1m",ea,1,Amazon,https://www.amazon.com/StarTech-com-Standard-Computer-Power-Cord/dp/B001CATESG,Generic,,
PN967,Electrical,"USB C to USB Type A cable, 24""",ea,1,Amazon,https://www.amazon.com/SUNGUY-%E3%80%902-Pack-x2%E3%80%91Rapid-Charging-Nintendo/dp/B07T6T3KZZ,Generic,,
PN968,Electrical,"IDC 10-Pin Cable, 8"", 2pk",pk,1,Amazon,https://www.amazon.com/Pc-Accessories-Connectors-Sockets-10P-20cm-2PK,Generic,,
PN970,Electrical,"5050 RGB LED Pixel, 12mm PCB, 16.6mm Pitch",ea,,Amazon,https://www.amazon.com/gp/product/B091GQJK1B,Generic,,"60 LED/m, typically WS2812B or WS2815"
PN971,Electrical,"Thermistor, NTC 100K, E3D V6 cartridge",ea,,Amazon,https://www.amazon.com/gp/product/B07QDQXDQ5/,Generic,,
PN972,Electrical,"Heater Cartridge, 24V",ea,,Amazon,https://www.amazon.com/gp/product/B086JM394F,Generic,,40-60W
PN972,Electrical,"Thermistor, NTC 100K 3950 Bead",ea,,Amazon,https://www.amazon.com/gp/product/B07QDQXDQ5/,FYSETC,MK3 HT-NTC100K,
PN980,Electrical,Octopus V1.1 MCU,ea,,Amazon,https://www.amazon.com/BIGTREETECH-Motherboard-Compatible-Firmware-Raspberry/dp/B094NPRYDP,BIGTREETECH,KINGPRINTER-ZZB000540,
PN981,Electrical,"Stepper Driver, TMC2209",ea,,Amazon,https://www.amazon.com/BIGTREETECH-Printer-Stepstick-TMC2209-Heatsink/dp/B07YW7BM68,BIGTREETECH,BIQU-UUU001791,
PN982,Electrical,Mini12864 LCD V1.0,ea,,Amazon,https://www.amazon.com/BIGTREETECH-Mini12864-Graphic-Display-Prusa-i3/dp/B08P5LXR86,BIGTREETECH,KINGPRINT-ZZB000475,
PN984,Electrical,Raspberry Pi 4B 2GB,ea,,Digikey,https://www.digikey.com/en/products/detail/raspberry-pi/Raspberry-Pi-4B-2GB/10258782,Raspberry Pi,Raspberry Pi 4B/2GB,
PN985,Electrical,Raspberry Pi Camera,ea,,Amazon,https://www.amazon.com/gp/product/B07SN8HB1R,Arducam,5MP OV5647,
PN986,Electrical,"Signal Amplifier, SP901E",ea,,Amazon,https://www.amazon.com/BTF-LIGHTING-Amplifier-Repeater-Addressable-Programmable/dp/B07RDKRW5T,BTF-Lighting,SP901E,
PN987,Electrical,"Buck Converter, 3A, USB C Out",ea,,Amazon,https://www.amazon.com/gp/product/B07ZQB6S3L,Generic,,Must accept up 24VDC in.
UN001,Supplies,Synthetic Lubricant with PTFE,ea,1,Amazon,https://www.amazon.com/gp/product/B0081JE0OO,Synco/Super Lube,92003,
UN002,Supplies,Isopropyl rubbing alcohol,ea,1,Locally Sourced,,Generic,,90%+
UN003,Supplies,Lint free towels,pk,1,Amazon,https://www.amazon.com/AIDEA-Microfiber-Cleaning-Absorbent-Lint-Free/dp/B07ZDRVRPP,Generic,,
UN004,Supplies,Right Angle Clamps,ea,1,Amazon,https://www.amazon.com/gp/product/B09KLN6T5B,Generic,,
UN005,Supplies,PTFE Tube Cutter,ea,1,,,Generic,,Usually included with PTFE tube
UN006,Supplies,Soldering iron,ea,1,,,Generic,,
UN007,Supplies,"Soldering Iron Heat Set Insert Tip, M3",ea,1,Amazon,https://www.amazon.com/gp/product/B07VR4LBZ7,Generic,,"Usually comes with M3, M4, and M5 as a pack."
UN008,Supplies,Electrical Tweezers,ea,1,,,,,
UN009,Supplies,"Needle-nosed Pliers, 6""",ea,1,Amazon,https://www.amazon.com/gp/product/B000A0OW2M,Irwin,2078216,
UN010,Supplies,Wire Strippers,ea,1,,,,,
UN011,Supplies,"Wire Crimper, Open Barrel",ea,1,Amazon,https://www.amazon.com/gp/product/B078WNZ9FW,IWISS,IWS-2820M,
UN012,Supplies,Electrical Screw Driver Set,ea,1,,,,,Philips and flathead for terminal connectors
UN016,Supplies,"Lily White Lubricating Oil, 4 fl. oz.",ea,1,Amazon,https://www.amazon.com/Zoom-SPOUT-Sewing-Machine-Oiler-118ml/dp/B00BYCKTW2,AlbaChem,3014 Zoom Lubricant,"Can substitute with NLGI 1 grease w/ low viscosity, no PTFE"
UN020,Supplies,"Allen wrences, Metric",pk,1,,,,,
UN031,Supplies,Fine Tip Marker,ea,1,Locally Sourced,,Generic,,For labeling part bags and wires
UN032,Supplies,Plastic Bags,pk,1,,,,,For organizing parts before assembly
